UP,FAZENDA,AREA_HA,NÚCLEO,x,y
C1AA,SAGRADA FAMILIA (I),"72,484299",CS1,"-53,548162","-20,347363"
C1AB,CHACARA INVEJADO (I),"191,556034",CS1,"-53,697964","-20,472653"
C1AC,KLEBER (I),"282,150942",CS1,"-53,557801","-20,343833"
C1AD,ACAPU (I),"345,245698",CS1,"-53,763437","-20,100274"
C1AE,ESPINGARDA - MATEIRA (I),"636,906022",CS1,"-53,839955","-20,347236"
C1AF,BOM JARDIM (I),"689,636318",CS1,"-53,216439","-20,397572"
C1AG,ESPINGARDA II (I),"902,915206",CS1,"-53,531191","-20,333386"
C1AH,LEOPOLDINA (I),"1751,972828",CS1,"-53,676919","-20,190839"
C1AI,SANTA CLARA (I),"2250,899848",CS1,"-53,532169","-20,17497"
C1AJ,IPYTÁ (I),"2321,859669",CS1,"-53,719754","-20,114111"
C1AK,IPUÃ (I),"2414,215212",CS1,"-53,746911","-20,135378"
C1AL,SÃO MIGUEL (I),"2442,605033",CS1,"-53,687967","-20,155111"
C1AM,LCD (I),"2574,161792",CS1,"-53,674848","-20,229998"
C1AN,SÃO CARLOS (I),"4088,483114",CS1,"-53,629708","-20,184955"
C1AO,ESPINGARDA - MAMPEI (I),"5293,210404",CS1,"-53,655118","-20,388595"
C1AP,BOI PRETO (I),"17460,57606",CS1,"-53,567089","-20,442891"
C1AS,GUARANI (I),"2756,213646",CS1,"-53,573179","-20,040791"
C1AT,GRANOL -  MODELO I (I),"2616,615422",CS1,"-53,644462","-20,057486"
C1AU,RETIRO BELO HORIZONTE (I),"1256,332701",CS1,"-53,395751","-20,165526"
C1AV,AURORA (I),"845,419369",CS1,"-53,565128","-20,27931"
C1AW,RAINHA DA PAZ (I),"2005,619908",CS1,"-53,553941","-20,312304"
C1AX,LAGEADO (I),"1148,749816",CS1,"-53,521304","-20,379295"
C1AY,BOM PASTOR (I),"125,882307",CS1,"-53,543056","-20,392712"
C1AZ,LAGOA COMPRIDA (I),"1075,2468",CS1,"-53,223759","-20,428441"
C1BA,CAMPO LIMPO (I),"1931,160946",CS1,"-53,55698","-20,167133"
C1BB,CHACRINHAS BONANZA (I),"48,18207",CS1,"-53,698512","-20,492593"
C1BC,PENA ROJA (I),"6471,689525",CS1,"-53,650606","-19,950601"
C1BD,LALUVI (I),"633,563508",CS1,"-53,573343","-20,008953"
C1BG,ARARAS,"1419,406038",CS1,"-53,482994","-20,147998"
C1BH,BELA VISTA,"1387,710485",CS1,"-53,682403","-20,103683"
C1BI,SANTO ANTONIO,"677,579857",CS1,"-53,221157","-20,383411"
C1BJ,SAO PEDRO,"777,16774",CS1,"-53,16867","-20,388843"
C1BK,RECANTO PASSARA,"136,585105",CS1,"-53,705748","-20,519448"
C1BL,FORTUNA,"735,609018",CS1,"-53,702868","-20,091671"
C1BM,EMA  (F-H099 ),"2606,849475",CS1,"-52,803863","-20,50918"
C1BN,MAJOR VICENTE  (F-H135 ),"1037,294296",CS1,"-52,769995","-20,457761"
C1BO,ANA ROSA  (F-H011 ),"1810,502302",CS1,"-52,680705","-20,142623"
C1BP,FORMOSO  (F-H098 ),"3287,907204",CS1,"-53,077231","-20,422817"
C1BQ,SANTA CLARA  (F-H136 ),"1537,283363",CS1,"-52,983778","-20,417678"
C1BR,FORMOSA  (F-H156 ),"21902,65171",CS1,"-53,175342","-20,187358"
C1BV,VITÓRIA,"353,552085",CS1,"-53,594424","-20,559333"
C1CA,RANCHO FUNDO,"1310,930107",CS1,"-52,947675","-20,44532"
C1CB,SANTINA,"1892,310349",CS1,"-53,670279","-20,073562"
C1CC,SANTO ANTÔNIO,"2209,168917",CS1,"-53,815882","-19,99622"
C1CE,SÃO SEBASTIÃO,"1492,062198",CS1,"-53,426346","-19,990593"
C1CF,VÓ CECÍLIA,"340,144076",CS1,"-53,705359","-20,062258"
C1CG,OSWALDO CRUZ,"1267,40347",CS1,"-53,367043","-19,99099"
C1CH,RECANTO DOS PÁSSAROS,"150,722596",CS1,"-53,721038","-20,527839"
C1CI,CHAVE DE OURO,"2824,994272",CS1,"-53,500284","-20,119187"
C1CJ,SETE MARIAS,"1944,849069",CS1,"-53,732499","-20,397359"
C1CK,SANTO ANTONIO VI,"1358,484661",CS1,"-53,520768","-20,525427"
C1CL,SOL NASCENTE,"850,509429",CS1,"-53,598999","-20,514192"
C1CM,ONÇA PINTADA,"4038,22658",CS1,"-53,918036","-19,744811"
C1CN,SANTA LUCIA II,"608,723899",CS1,"-53,858274","-20,162776"
C1CO,NATIVA,"425,27811",CS1,"-53,846192","-20,190316"
C1CP,MONTANA,"6472,472098",CS1,"-53,527787","-19,93116"
C1CQ,VÓ MADALENA,"230,953941",CS1,"-52,750112","-20,457527"
C1CR,TRÊS MARRECAS,"972,820691",CS1,"-53,696787","-20,262685"
C1CS,TOCA DA ONÇA,"435,65622",CS1,"-53,819058","-20,067283"
C1CT,LIMÃO,"1086,756354",CS1,"-53,863555","-19,864788"
C1CU,RANCHO FUNDO III,"405,105023",CS1,"-53,432369","-19,897351"
C1CV,2R,"84,017391",CS1,"-53,510499","-20,509722"
C1CW,SANTA ROSA VI,"841,277745",CS1,"-53,547357","-20,548348"
C1CX,BARREIRO,"1788,569748",CS1,"-53,845814","-19,892976"
C1CY,ARROZ QUEIMADO,"659,494419",CS1,"-53,622196","-20,030297"
C1CZ,BURITI IV,"1039,955719",CS1,"-53,534658","-20,26122"
C1DA,LAGEADO II,"957,841475",CS1,"-53,246782","-20,360153"
C1DB,BONANZA,"3649,172438",CS1,"-53,421847","-20,34187"
C1DE,ALTO MANTENA,"940,100899",CS1,"-53,600942","-20,375913"
C1DF,SÍTIO SANTO ANTÔNIO II,"64,026127",CS1,"-53,704653","-20,508762"
C1DG,MARACATU,"2404,458989",CS1,"-53,803335","-20,105654"
C1DH,LAJEADO II,"2353,328724",CS1,"-53,331043","-20,149464"
C1DI,SANTA REGINA,"1469,584071",CS1,"-53,76598","-19,995176"
C1DK,JAIC I,"876,311815",CS1,"-53,535004","-19,99679"
C1DL,SANTA MARIA X,"1071,082573",CS1,"-53,602563","-19,964858"
C1DM,SANTA MARTA,"484,104886",CS1,"-53,015764","-20,770418"
C1DN,SÃO JUDAS TADEU II,"741,049463",CS1,"-52,735177","-20,462562"
C1DO,CABECEIRA COMPRIDA-NOSSA SRA FATIMA,"4746,242117",CS1,"-53,392932","-20,086867"
C1DP,OLIVEIRA - IFI,"1238,710378",CS1,"-52,878926","-20,149682"
C1DQ,JACARÉ,"774,772414",CS1,"-52,854313","-20,213601"
C1DR,SÍTIO LILASES,"77,346048",CS1,"-53,730426","-20,519448"
C1DS,BARRA DO LOBO E FERREIROS,"1012,058872",CS1,"-52,86364","-20,523138"
C1DT,VÓ NADIR,"2252,975964",CS1,"-53,384014","-20,436123"
C1DU,DOIS IRMÃOS II,"502,07445",CS1,"-53,792464","-19,938615"
C1DV,SANTA CLARA III,"382,548112",CS1,"-53,892039","-20,22885"
C1DW,LA AGUADA,"2409,95348",CS1,"-53,631354","-19,672709"
C1DX,TODOS OS SANTOS,"2512,685072",CS1,"-53,706945","-19,810173"
C1DY,BOA AGUADA,"5457,197342",CS1,"-53,258793","-20,312371"
C1DZ,BARRADO LOBO E FERREIROS II,"1012,046155",CS1,"-52,8601","-20,503094"
C1EA,LARANJAL,"828,561926",CS1,"-53,079994","-20,35851"
C1EB,TUCANO,"3774,954475",CS1,"-53,550339","-20,084094"
C1EC,INVEJANDO,"12,715409",CS1,"-53,701268","-20,489654"
C1ED,ARATACA,"2469,998897",CS1,"-53,984356","-20,127483"
C1EE,2R GLEBA 03,"96,810303",CS1,"-53,537995","-20,524871"
C1EF,FLÓRIDA,"1583,231832",CS1,"-53,598999","-20,014851"
C1EG,2R GLEBA 01,"153,125244",CS1,"-53,495154","-20,514007"
C1EH,LARANJAL II,"1785,659708",CS1,"-53,094171","-20,383416"
C1EI,SÃO JOÃO V,"6506,928674",CS1,"-53,377795","-19,618289"
C1EJ,NIRVANA,"25,050351",CS1,"-53,700406","-20,500834"
C1EK,FUTURA GLEBA  A,"618,202918",CS1,"-53,352712","-20,060056"
C1EL,ARARAS II,"232,215719",CS1,"-53,522762","-20,052089"
C1EM,SERENATA,"1496,136732",CS1,"-53,60295","-19,803517"
C1EN,SANTA ANA,"1000,794102",CS1,"-53,385316","-19,931742"
C1EO,CÓRREGO DO BRAÇO,"2158,223303",CS1,"-53,830578","-19,73174"
C1EP,SANTA ROSA DO ALEGRIA,"755,24251",CS1,"-53,831747","-20,299521"
C1EQ,TARUMÃ II,"1287,26547",CS1,"-53,57807","-20,11276"
C1ER,SABATACHE,"3914,7553",CS1,"-53,227073","-20,100984"
C1ES,LAGOA COMPRIDA II,"922,98285",CS1,"-53,207068","-20,449138"
C1ET,JATAÍ,"678,472942",CS1,"-53,131656","-20,38232"
C1EU,NELORE,"2723,059578",CS1,"-53,570509","-20,14282"
C1EV,SOL NASCENTE II,"111,070691",CS1,"-53,474134","-19,999895"
C1EW,GUAVIRA II,"105,152141",CS1,"-53,521812","-20,033884"
C1EX,SERIEMA II,"312,094891",CS1,"-53,884376","-20,129506"
C1EY,RIO PARDO,"115,292142",CS1,"-53,623152","-20,496524"
C1EZ,CLODASIL,"6353,267533",CS1,"-53,666765","-19,827288"
C1GB,COLÔNIA BARRINHA GERAL,"81,679977",CS1,"-53,707004","-20,498865"
C1GC,RECREIO,"3289,679561",CS1,"-53,87585","-20,254931"
C1GD,ESPIRITO SANTO,"107,356235",CS1,"-53,522076","-20,03994"
C1GE,CAR29,"205,623275",CS1,"-53,719753","-20,424498"
C1GF,ÁGUA VERDE,"315,357805",CS1,"-53,740871","-20,293308"
C1GG,TODOS OS SANTOS II,"772,314836",CS1,"-53,739002","-19,839214"
C1GH,PRIMAVERA IV,"610,759126",CS1,"-53,128531","-20,45461"
C1GI,VARGEÃO,"598,487021",CS1,"-53,567717","-20,546117"
C1GJ,CÓRREGO DO BUGRE,"1013,129285",CS1,"-53,689823","-20,367115"
C1GK,VÓ CECÍLIA II,"796,536327",CS1,"-53,737857","-20,082897"
C1GM,GOAÇU,"2970,567535",CS1,"-53,344786","-20,033087"
C1GN,JARDIM,"291,200821",CS1,"-53,891557","-20,305446"
C1GO,RIATA,"423,475675",CS1,"-53,870336","-20,286437"
C1GP,SANTA ROSA VII,"1537,672857",CS1,"-53,861155","-20,319355"
C1GQ,IRMÃO DA ESTRADA,"136,786913",CS1,"-53,511479","-20,07658"
C1GR,SD PECUÁRIA,"236,67445",CS1,"-53,509083","-20,033692"
C1GS,ARARAS III,"347,955269",CS1,"-53,518033","-20,061442"
C1GT,MARIANA II,"280,249064",CS1,"-53,499686","-20,056789"
C1GU,ARARAS IV,"116,731409",CS1,"-53,506384","-20,047702"
C1GV,ARARAS V,"156,754796",CS1,"-53,495274","-20,040422"
C1GW,COQUEIRO,"1454,997969",CS1,"-53,619598","-20,323471"
C1GX,JARDIM II,"507,882016",CS1,"-53,407356","-20,384567"
C1GY,FAXINAL,"4665,583875",CS1,"-52,599063","-20,169772"
C1GZ,SANTO ONOFRE,"1055,268275",CS1,"-53,415726","-20,180263"
C1JA,SANTA TEREZA II,"712,15706",CS1,"-53,471569","-20,395027"
C1JB,BOM SUCESSO II,"1606,745212",CS1,"-53,79757","-20,145109"
C1JC,SÃO JORGE II,"442,950826",CS1,"-53,501143","-20,078128"
C1JD,CÓRREGO DO BUGRE II,"1585,004452",CS1,"-53,722633","-20,361333"
C1JF,GUARANI II,"2312,286613",CS1,"-52,870946","-20,183346"
C1JG,EUROPA,"3329,468381",CS1,"-53,945091","-20,137227"
C1JH,NOSSA SENHORA APARECIDA IX,"779,376669",CS1,"-52,896222","-20,119303"
C1JI,UNIÃO II,"4702,752541",CS1,"-52,757666","-20,528034"
C1JJ,CONQUISTA IV,"961,545717",CS1,"-53,144551","-20,474615"
C1JK,CABECEIRA FUNDA,"2168,506691",CS1,"-53,45356","-20,147571"
C1JM,ITACURU,"2654,126131",CS1,"-53,966254","-20,062524"
C1JN,VERDE MAR II,"9604,574407",CS1,"-53,439947","-20,046804"
C1JP,ITAPORÃ,"4845,603304",CS1,"-53,916878","-20,067916"
C1JQ,SANTO ANTÔNIO DO MONTE ALEGRE,"3490,47657",CS1,"-52,539274","-20,174181"
C1JR,VERDE MAR,"7790,035998",CS1,"-52,832515","-20,149782"
C1JT,RECANTO DAS EMAS,"252,97564",CS1,"-53,936595","-20,305088"
C1JU,ANA PAULA,"1038,793432",CS1,"-53,050359","-20,480125"
C1JV,NOSSA SENHORA DE FÁTIMA II,"1301,12846",CS1,"-53,682531","-19,976886"
C1JW,SANTÍSSIMA TRINDADE,"209,35531",CS1,"-53,530412","-20,070779"
C1JX,RECANTO DAS EMAS II,"663,166054",CS1,"-53,954085","-20,296255"
C1JY,CAR30,"1498,711433",CS1,"-53,98361","-20,174842"
C1JZ,CAR25,"558,38161",CS1,"-53,980326","-20,224137"
C1KB,SANTA LUCIA III,"1833,0624",CS1,"-53,697876","-20,429619"
C1KC,SÃO BENTO IV,"455,510525",CS1,"-53,625611","-20,412843"
C1KD,BOM JESUS DO RIO PARDO,"1495,472729",CS1,"-53,811933","-20,329603"
C1KE,GUAVIRA II,"28,673937",CS1,"-53,507789","-20,04288"
C1KF,FAZENDA ARARAS - AREA 2A,"29,679399",CS1,"-53,499454","-20,045473"
C2AA,INEC II (I),"810,607534",CS2,"-53,821785","-20,657719"
C2AB,DOIS MARTELOS (I),"1595,103173",CS2,"-53,790879","-20,580759"
C2AC,FSW (I),"2462,225528",CS2,"-53,730394","-20,64381"
C2CD,ANDRAMIL I (I),"427,223888",CS2,"-53,763516","-20,610732"
C2CE,ANDRAMIL II (I),"2278,717072",CS2,"-53,809584","-20,620336"
C2CF,CASSUNUNGA (I),"9819,777306",CS2,"-53,894206","-20,556102"
C2CH,NOVA DA MATA (I),"6474,241274",CS2,"-53,858826","-20,468771"
C2CJ,SANTA LUZIA (I),"2638,712376",CS2,"-53,431769","-20,67556"
C2CK,PONTE ALTA (I),"10478,36304",CS2,"-53,963975","-20,899687"
C2CL,MUTUM,"50744,02651",CS2,"-53,11934","-20,532306"
C2CM,NOSSA SENHORA APARECIDA,"2588,260346",CS2,"-53,497368","-20,678818"
C2CN,BURITI,"3669,253146",CS2,"-54,016829","-20,544922"
C2CO,PARAÍSO,"606,175023",CS2,"-53,689744","-20,5869"
C2CP,DA MATA,"3485,88904",CS2,"-53,892542","-20,504581"
C2CQ,SÃO GUILHERME  (F-H183 ),"18090,27143",CS2,"-53,462723","-20,573482"
C2CR,NOVA DO MIMOSO,"833,483905",CS2,"-53,433299","-20,721963"
C2CS,SACRAMENTO,"3144,244742",CS2,"-53,317085","-20,692989"
C2CT,LAGOA BONITA,"1474,296243",CS2,"-53,992602","-20,579661"
C2CU,SAVANA,"1412,788283",CS2,"-53,767034","-21,336538"
C2CV,CASA GRANDE,"1122,433597",CS2,"-53,923717","-21,212118"
C2CW,ITAMOARA,"4190,254944",CS2,"-53,867344","-21,21659"
C2CX,NHU VERA,"2696,430452",CS2,"-53,818384","-21,217664"
C2CY,VARJÃO DO LONTRA,"1258,705209",CS2,"-53,720267","-21,157532"
C2CZ,SÃO JOSÉ II,"14,974456",CS2,"-53,831319","-20,544265"
C2DA,CARACU,"971,456259",CS2,"-53,4685","-20,507612"
C2DB,NOVA DOS MORROS,"1065,789346",CS2,"-54,105423","-20,670798"
C2DC,ESTRELA,"3926,516361",CS2,"-53,848833","-21,081057"
C2DD,SAO JOSE VI,"1552,081135",CS2,"-53,396146","-20,731924"
C2DE,LUZ DO SOL,"139,39636",CS2,"-53,733637","-20,534603"
C2DF,VIVEIRO DE MUDAS MS,"30,270655",CS2,"-54,539515","-20,617423"
C2DI,MANOEL PIRES,"2650,463467",CS2,"-53,275517","-20,416643"
C2DL,SAO DONATO,"2370,638782",CS2,"-53,467482","-21,180629"
C2DM,MIMOSO - GLEBA C,"3100,044927",CS2,"-53,611701","-20,812926"
C2DN,SAO RAFAEL,"785,22424",CS2,"-53,517599","-20,846677"
C2DO,SANTO ANTONIO III,"1563,270184",CS2,"-53,463855","-21,209617"
C2DP,SÃO JOSÉ FABER,"730,445179",CS2,"-53,774996","-20,559988"
C2DQ,SÃO JOSÉ MARCOS,"991,436076",CS2,"-53,806239","-20,548095"
C2DR,SANTA MARIA VII,"1502,37545",CS2,"-53,802513","-20,535206"
C2DS,SANTA MARIA VIII,"1299,862571",CS2,"-53,761542","-20,534111"
C2DT,LAGOINHA,"387,687359",CS2,"-53,425143","-20,782469"
C2DU,SANTA FÉ,"783,351166",CS2,"-53,6725","-21,055024"
C2DV,BELA VISTA I,"1919,672156",CS2,"-53,406055","-20,76086"
C2DX,C.R.A II,"1250,504558",CS2,"-53,989984","-20,667543"
C2DY,SANTA TEREZA,"1371,697684",CS2,"-53,797248","-21,089835"
C2DZ,PARAÍSO DO CÉU,"1203,234072",CS2,"-53,442532","-20,789308"
C2EA,RANCHO FUNDO II,"1393,198758",CS2,"-54,072283","-20,60404"
C2EB,OURO VERDE II,"1585,128981",CS2,"-53,388706","-20,70812"
C2ED,FORTALEZA,"1866,216148",CS2,"-53,465445","-20,827642"
C2EE,IMPERADOR,"519,103618",CS2,"-54,226118","-20,494337"
C2EF,MILAGRE DE JESUS,"2203,715398",CS2,"-53,201324","-20,55468"
C2EG,ONÇA PARDA,"5387,102595",CS2,"-53,851083","-20,757859"
C2EH,COLINA II,"6687,740077",CS2,"-53,221","-20,70468"
C2EJ,VO MATHEUS,"1589,817252",CS2,"-53,836788","-20,879894"
C2EK,MODELO,"6976,871945",CS2,"-53,100814","-20,867441"
C2EL,SANTA  ADÉLIA III,"1643,784288",CS2,"-53,995986","-20,627647"
C2EM,C.R.A I,"1277,894678",CS2,"-54,031798","-20,591474"
C2EN,ESTRELA DA MATA,"921,968722",CS2,"-53,944901","-20,504892"
C2EP,TREVO,"320,559269",CS2,"-54,015922","-20,515595"
C2EQ,JAIC III,"1164,694823",CS2,"-53,496178","-20,784194"
C2ER,PARAÍSO DO SUL,"305,331998",CS2,"-53,744231","-20,535875"
C2ES,SÃO FÉLIX,"2504,299576",CS2,"-53,731262","-20,606668"
C2ET,NOVA DO MIMOSO II,"184,323665",CS2,"-53,444052","-20,725493"
C2EU,COPACABANA,"1134,590826",CS2,"-53,751949","-20,81447"
C2EV,BELA IDEIA,"633,129865",CS2,"-54,217032","-20,937637"
C2EW,ASA BRANCA,"719,316517",CS2,"-53,147917","-20,825086"
C2EX,CAMPO ROXO,"685,026856",CS2,"-54,180734","-20,648573"
C2EY,SÃO JOÃO DA RITA,"723,575864",CS2,"-53,810239","-20,836001"
C2EZ,GUAVIRA,"330,597117",CS2,"-53,36424","-21,297138"
C2GA,NOVA QUERÊNCIA,"907,176424",CS2,"-53,948986","-20,627453"
C2GB,BOA VISTA II,"492,506343",CS2,"-54,215551","-20,963745"
C2GC,FIGUEIRA II,"1413,512283",CS2,"-54,213973", 
C2GD,SANTO ANTONIO VII,"1198,944225",CS2,"-53,500248","-21,245198"
C2GE,PALANQUE,"2482,818622",CS2,"-54,042605","-20,928693"
C2GF,SÃO CARLOS II,"761,800992",CS2,"-53,833796","-20,609927"
C2GG,FAVEIRO,"1198,278365",CS2,"-53,351082","-20,728888"
C2GH,GARIMPO,"1706,700751",CS2,"-53,775753","-20,82132"
C2GI,NOSSA SENHORA APARECIDA VIII,"748,337391",CS2,"-53,109643","-21,014245"
C2GJ,ALVORADA V,"1154,370253",CS2,"-53,396692","-20,49649"
C2GK,JANAINA,"386,166239",CS2,"-53,977295","-20,713468"
C2GL,PORTO ALEGRE,"6252,99489",CS2,"-54,062555","-20,520342"
C2GM,UNIÃO DAS ÁGUAS,"643,650122",CS2,"-54,189068","-20,688589"
C2GO,SERIEMA,"792,675309",CS2,"-54,11943","-20,463986"
C2GP,MD,"1202,116499",CS2,"-53,697896","-20,660028"
C2GQ,GARIMPO II,"1670,98991",CS2,"-53,804852","-20,804585"
C2GR,RECÔNCAVO,"1105,264422",CS2,"-53,900277","-20,668453"
C2GS,SÃO FÉLIX II,"872,599093",CS2,"-53,973893","-20,647483"
C2GT,DOIS MENINOS,"195,458459",CS2,"-53,929222","-20,758538"
C2GU,VITÓRIA II,"470,694294",CS2,"-53,672559","-20,580557"
C2GV,SANTA ADELAIDE I E II,"481,651659",CS2,"-53,457113","-20,693779"
C2GW,SACRAMENTO II,"1123,065873",CS2,"-53,264138","-20,68692"
C2GX,SANTA ANGÉLICA II,"301,235403",CS2,"-53,899448","-20,746862"
C2GZ,JACUBA,"722,837006",CS2,"-53,846107","-20,630691"
C2HA,SÃO MANOEL,"7287,418362",CS2,"-53,199402","-20,770573"
C2HB,SANTA MARIA XI,"2038,109877",CS2,"-53,796233","-20,499412"
C2HC,MINERAL,"234,684788",CS2,"-54,154949","-20,587561"
C2HD,QUATRO IRMÃOS II,"8249,633286",CS2,"-53,974132","-20,814796"
C2HE,SANTA BÁRBARA,"308,347873",CS2,"-53,474921","-20,671193"
C2HF,SÃO FÉLIX III,"1528,299964",CS2,"-53,909777","-20,616861"
C2HG,SÃO JOSÉ DO PONTAL,"374,899226",CS2,"-53,639272","-20,655367"
C2HH,SÃO PAULO,"191,955472",CS2,"-53,353448","-20,850014"
C2HI,SANTA ADELIA DO RIO PARDO,"1147,702719",CS2,"-53,419307","-20,621713"
C2HJ,CAIMAN,"517,709383",CS2,"-53,834605","-20,459462"
C2HK,SÃO FÉLIX IV,"646,352853",CS2,"-53,940635","-20,661299"
C2HL,MD II,"75,886763",CS2,"-53,709437","-20,660569"
C2HM,RECÔNCAVO II,"199,174114",CS2,"-53,880533","-20,665438"
C2HN,ROSA BRANCA,"82,315507",CS2,"-53,890481","-20,821125"
C2HO,SANTA RITA,"998,587755",CS2,"-53,877371","-20,838846"
C2HP,PANTANO,"18977,99198",CS2,"-53,803168","-20,972476"
C2HU,TERRA NOVA,"416,445704",CS2,"-53,608057","-20,844648"
C2HV,DOIS MENINOS II,"244,903386",CS2,"-53,927058","-20,745468"
C2HW,GAIVOTA,"469,814981",CS2,"-53,621744","-20,850446"
C2HY,ITAPUÃ,"364,633116",CS2,"-53,592857","-20,83363"
C2HZ,FÊNIX,"1746,933519",CS2,"-53,59542","-20,889058"
C2IA,CÓRREGO LIMPO,"189,636578",CS2,"-53,485768","-20,514972"
C2IB,SILVANIA,"296,975026",CS2,"-53,813103","-20,68874"
C3AA,SANTA MONICA (I),"1491,974945",CS3,"-54,003636","-20,298312"
C3AB,MOYA (I),"193,778447",CS3,"-54,294734","-20,245819"
C3AC,RETIRO DA CACHOEIRINHA,"1293,855416",CS3,"-54,114061","-20,277666"
C3AD,CAMPO VERDE,"703,756534",CS3,"-54,120022","-20,361425"
C3AE,HARMONIA,"1059,76123",CS3,"-54,272904","-20,32617"
C3AF,PERDIZES II,"531,277832",CS3,"-54,160821","-20,419723"
C3AG,ALEGRIA,"1878,058159",CS3,"-54,09151","-20,241214"
C3AH,RESERVA ARATACA,"388,752303",CS3,"-57,289504","-18,314732"
T1A0,BARRA DO MOEDA  (F-H001 ),"5399,871586",MS1,"-51,801366","-21,014967"
T1A1,PRIMAVERA III  (F-H244 ),"306,697286",MS1,"-51,956405","-21,012531"
T1A2,SOBERANO  (F-H152 ),"848,324701",MS1,"-52,042617","-21,009981"
T1A3,BURITI III  (F-H216 ),"994,516071",MS1,"-51,921937","-21,002568"
T1A4,SÃO MIGUEL  (F-H047 ),"643,443114",MS1,"-51,978195","-21,000749"
T1A5,RIO VERDE - TAQUARUSSU  (F-H066 ),"294,533762",MS1,"-51,966646","-20,994853"
T1A6,JUSSARA  (F-H031 ),"768,753771",MS1,"-52,004752","-20,993812"
T1A7,SÃO BENTO  (F-H056 ),"593,39877",MS1,"-52,035878","-20,986075"
T1A8,SANTA MARIA II  (F-H036 ),"281,239519",MS1,"-51,964253","-20,990278"
T1A9,ITUANA  (F-H030 ),"643,239602",MS1,"-51,887944","-20,989059"
T1AA,FAVEIRO DO RIO VERDE I  (F-H259 ),"651,191232",MS1,"-51,959882","-21,129237"
T1AB,SÃO BENTO II  (F-H206 ),"499,416163",MS1,"-51,965617","-21,108836"
T1AC,CABECEIRAS  (F-H057 ),"260,910271",MS1,"-51,949233","-21,107148"
T1AD,FAVEIRO II  (F-H143 ),"552,186214",MS1,"-51,928551","-21,100436"
T1AE,MALU DO RIO VERDE  (F-H187 ),"1496,266122",MS1,"-51,989184","-21,097649"
T1AF,SANTA LUZIA  (F-H004 ),"3685,882879",MS1,"-51,892123","-21,087526"
T1AG,DRACENA  (F-H054 ),"271,407303",MS1,"-51,951837","-21,08574"
T1AH,RANCHO ALEGRE  (F-H061 ),"360,13561",MS1,"-52,008511","-21,078819"
T1AI,AGUA LIMPA III  (F-H233 ),"4349,425037",MS1,"-51,84973","-21,077107"
T1AJ,NOSSA SENHORA DE LOURDES  (F-H020 ),"963,390176",MS1,"-51,981581","-21,072306"
T1AK,ANA CLAUDIA  (F-H179 ),"359,919926",MS1,"-51,959029","-21,07066"
T1AL,ESTRELA D ÁLVA  (F-H151 ),"301,92787",MS1,"-51,940315","-21,061109"
T1AM,NASCENTE DO CARACOL  (F-H046 ),"626,789044",MS1,"-51,988516","-21,052294"
T1AN,SÃO JOÃO BATISTA  (F-H225 ),"554,751181",MS1,"-51,907367","-21,048549"
T1AO,JUINAUBIRA  (F-H035 ),"774,362099",MS1,"-52,004414","-21,044458"
T1AP,PRIMAVERA II  (F-H163 ),"250,66004",MS1,"-51,919656","-21,043213"
T1AQ,CAMBAUVA  (F-H044 ),"485,38524",MS1,"-51,925702","-21,037662"
T1AR,OURO VERDE  (F-H153 ),"555,025721",MS1,"-51,965202","-21,028856"
T1AT,QUATRO A  (F-H050 ),"407,825452",MS1,"-51,928922","-21,027119"
T1AU,ALMEIDA  (F-H033 ),"931,564599",MS1,"-52,026465","-21,029416"
T1AV,ALTO ALEGRE  (F-H238 ),"141,777931",MS1,"-51,950891","-21,023552"
T1AW,MARCELINHO  (F-H150 ),"181,029218",MS1,"-52,053139","-21,021105"
T1AX,LAGO AZUL  (F-H192 ),"234,260431",MS1,"-51,897126","-21,020639"
T1AY,LIMOEIRO  (F-H090 ),"1144,451109",MS1,"-52,121363","-21,020006"
T1AZ,TAQUARUSSU  (F-H055 ),"148,490722",MS1,"-52,008698","-21,016963"
T1B0,SABIA  (F-H185 ),"148,352353",MS1,"-51,967597","-20,917564"
T1B1,SANTA PAULA  (F-H186 ),"150,179113",MS1,"-51,969888","-20,916246"
T1B2,PALMITO  (F-H002 ),"2057,126923",MS1,"-51,779458","-20,924908"
T1B3,BURITI  (F-H003 ),"4035,496148",MS1,"-51,853467","-20,911777"
T1B4,TARUMÂ  (F-H079 ),"1796,333272",MS1,"-51,734809","-20,904302"
T1B5,ESTRADÃO  (F-H005 ),"6018,857998",MS1,"-51,930952","-20,942152"
T1B7,SÃO JOAQUIM  (F-H195 ),"267,300063",MS1,"-51,693792","-20,894228"
T1B8,CASA BRANCA  (F-H018 ),"532,511782",MS1,"-51,745817","-20,883184"
T1B9,MIDI  (F-H043 ),"156,618604",MS1,"-51,990486","-20,880947"
T1BA,SANTA DOLORES  (F-H034 ),"364,611532",MS1,"-51,907877","-20,987102"
T1BB,SANTA FELICIDADE  (F-H019 ),"536,130596",MS1,"-51,961963","-20,983462"
T1BC,UNIÃO  (F-H017 ),"72,539165",MS1,"-51,901728","-20,980932"
T1BD,BOA ESPERANÇA  (F-H182 ),"668,52431",MS1,"-52,003739","-20,977702"
T1BE,CARCARA  (F-H063 ),"358,824892",MS1,"-51,950664","-20,975964"
T1BF,SANTO EGIDIO  (F-H039 ),"265,447784",MS1,"-51,924272","-20,975934"
T1BG,NOSSA SENHORA APARECIDA  (F-H040 ),"194,896699",MS1,"-51,950029","-20,968792"
T1BH,SÃO LUIZ  (F-H042 ),"129,301413",MS1,"-51,961358","-20,968163"
T1BI,URISSANGA  (F-H059 ),"119,351788",MS1,"-52,072626","-20,965499"
T1BJ,ESPERANÇA  (F-H015 ),"174,616154",MS1,"-51,850477","-20,963165"
T1BK,DOBRÃO  (F-H029 ),"2628,040935",MS1,"-51,773233","-20,961811"
T1BL,FABIANA  (F-H060 ),"123,642281",MS1,"-52,067115","-20,962655"
T1BM,ESPERANÇA II  (F-H025 ),"305,599367",MS1,"-51,860326","-20,96227"
T1BN,NOVE DE JULHO  (F-H052 ),"353,071471",MS1,"-51,867098","-20,96091"
T1BO,MORADA DO SOL  (F-H105 ),"1148,125846",MS1,"-52,05338","-20,954811"
T1BP,OGASAWARA  (F-H038 ),"754,80906",MS1,"-51,90345","-20,951679"
T1BQ,SAO SEBASTIAO GLEBA F  (F-H285 ),"116,629473",MS1,"-51,758974","-20,950241"
T1BR,SAO SEBASTIAO GLEBA E  (F-H284 ),"176,639509",MS1,"-51,731963","-20,942366"
T1BS,SANTA HELENA  (F-H051 ),"350,92926",MS1,"-51,76626","-20,941088"
T1BT,SANTA MARIA VI  (F-H241 ),"306,315303",MS1,"-52,013068","-20,939081"
T1BU,ARETE  (F-H297 ),"611,391487",MS1,"-52,05167","-20,937785"
T1BV,SANTA MARIA  (F-H032 ),"358,313802",MS1,"-51,96307","-20,933652"
T1BW,VÓ GIORGINA  (F-H026 ),"135,202588",MS1,"-51,825311","-20,928275"
T1BX,TRADIÇÃO  (F-H091 ),"363,853783",MS1,"-51,761535","-20,920502"
T1BY,VÓ GERALDA  (F-H016 ),"214,785625",MS1,"-51,816773","-20,920114"
T1BZ,ESPIR SALOMÃO  (F-H037 ),"554,822856",MS1,"-51,959156","-20,917609"
T1CA,SANTA ANGELA  (F-H027 ),"2921,198244",MS1,"-51,794251","-20,880399"
T1CB,ALVORADA  (F-H058 ),"148,830144",MS1,"-52,001654","-20,877949"
T1CC,SANTA ÂNGELA II  (F-H170 ),"882,730868",MS1,"-51,75671","-20,869964"
T1CD,SANTA ROSA  (F-H119 ),"504,140741",MS1,"-51,728847","-20,865649"
T1CE,SÃO JOÃO III  (F-H210 ),"446,583956",MS1,"-51,891472","-20,855623"
T1CF,LAGUNA  (F-H109 ),"569,028945",MS1,"-51,723135","-20,850365"
T1CG,PALMITO MIURA  (F-H028 ),"2470,457193",MS1,"-51,928867","-20,837746"
T1CH,RENASCER  (F-H218 ),"226,328341",MS1,"-51,876973","-20,819939"
T1CI,BARRA DO CERVO  (F-H303 ),"166,236723",MS1,"-51,905572","-20,818911"
T1CJ,SÍTIO CAMPO ALEGRE  (F-H161 ),"123,715175",MS1,"-51,871828","-20,809644"
T1CK,BRINCO DE OURO  (F-H118 ),"495,933476",MS1,"-51,949469","-20,802467"
T1CL,SARAMANDAIA  (F-H208 ),"453,94643",MS1,"-51,936253","-20,798526"
T1CM,BOM SUCESSO  (F-H253 ),"220,34021",MS1,"-52,020883","-20,792477"
T1CN,PARAISO III  (F-H249 ),"259,01975",MS1,"-51,863947","-20,792038"
T1CO,SÃO BENTO III  (F-H305 ),"593,398741",MS1,"-52,038411","-20,994824"
T1CP,ESPERANÇA II,"1,388975",MS1,"-51,844001","-20,962823"
T1CQ,SÃO MIGUEL III,"128,891899",MS1,"-51,956365","-21,003737"
T1CR,SÃO SEBASTIÃO G.A,"176,892628",MS1,"-51,746403","-20,952153"
T1CS,SÍTIO SANTO ANTÔNIO,"118,231029",MS1,"-51,874718","-20,829686"
T1CT,TAQUARUSSU II,"245,477278",MS1,"-51,995472","-21,017787"
T1CU,NOSSA SENHORA DE FÁTIMA,"313,124474",MS1,"-51,843897","-20,949813"
T1CV,TAQUARUSSU III,"218,253235",MS1,"-52,003332","-21,009199"
T1CX,SÃO JOÃO JY,"249,494295",MS1,"-51,984054","-20,958811"
T1CY,J.A.I,"184,103565",MS1,"-51,970341","-21,129701"
T1CZ,SÍTIO SILU,"48,195533",MS1,"-51,89651","-20,81411"
T1DA,PALMITO II,"310,445237",MS1,"-51,899797","-20,829244"
T1DC,SI180,"123,189038",MS1,"-51,714029","-20,901289"
T1DD,SÃO SEBASTIÃO GB,"170,99857",MS1,"-51,741158","-20,942431"
T1DE,RIACHO FUNDO (F-H145),"147,099528",MS1,"-51,959359","-21,023289"
T1DF,MATEBERI (PLANALTO VERDE),"1335,77803",MS1,"-51,821285","-21,024225"
T2A0,ALVORADA II  (F-H145 ),"240,056125",MS2,"-52,053945","-21,315959"
T2A1,ALVORADA III  (F-H247 ),"804,791237",MS2,"-52,138442","-21,307039"
T2A3,ALVORADA JARDIM II  (F-H146 ),"409,401188",MS2,"-52,093285","-21,29284"
T2A4,BOM JARDIM  (F-H245 ),"298,298714",MS2,"-52,1144","-21,280218"
T2A5,BOA ESPERANÇA II  (F-H223 ),"8500,90159",MS2,"-52,322853","-21,279432"
T2A7,BOM JARDIM II  (F-H246 ),"180,069546",MS2,"-52,122954","-21,276479"
T2A8,ATLÂNTIDA  (F-H093 ),"2429,732422",MS2,"-52,226068","-21,25891"
T2A9,MONTE ALTO  (F-H287 ),"2792,646063",MS2,"-52,759105","-21,237284"
T2AA,FIGUEIRA  (F-H296 ),"866,297844",MS2,"-52,580947","-21,740581"
T2AB,SAO JOSE VI  (F-H263 ),"3773,361459",MS2,"-52,672658","-21,706169"
T2AC,DIVISAO  (F-H275 ),"444,31898",MS2,"-52,670956","-21,672934"
T2AD,SAO JOSE V  (F-H255 ),"2510,987293",MS2,"-52,703443","-21,659927"
T2AE,CONQUISTA II  (F-H191 ),"929,612685",MS2,"-52,368318","-21,638934"
T2AF,INDAIA  (F-H294 ),"521,938147",MS2,"-52,779257","-21,573048"
T2AG,SANTA ROSA IV  (F-H242 ),"10318,59137",MS2,"-52,198454","-21,404359"
T2AI,BARRA DO CEDRO  (F-H231 ),"2831,27026",MS2,"-52,081266","-21,401736"
T2AJ,CANAVIEIRA  (F-H141 ),"3016,741114",MS2,"-52,347257","-21,393936"
T2AK,SANTA LUZIA IV  (F-H227 ),"1368,433897",MS2,"-52,114939","-21,382557"
T2AL,SÃO JOÃO IV  (F-H288 ),"1198,578735",MS2,"-52,751697","-21,37514"
T2AM,MIRACEMA  (F-H237 ),"1673,82923",MS2,"-52,301915","-21,372335"
T2AO,SANTA ROSA III  (F-H230 ),"2734,384015",MS2,"-52,292892","-21,349651"
T2AP,ANTARES  (F-H224 ),"11640,17676",MS2,"-52,406001","-21,347049"
T2AR,SANTA ROSA II  (F-H229 ),"2002,767375",MS2,"-52,138685","-21,343182"
T2AS,RANCHO DO ROSÁRIO  (F-H203 ),"748,105577",MS2,"-52,102444","-21,327624"
T2AT,FAVEIRO DO RIO VERDE III  (F-H260 ),"219,760121",MS2,"-52,030535","-21,322963"
T2AU,CAMPO LIMPO  (F-H232 ),"5489,412356",MS2,"-52,211495","-21,321796"
T2AV,ALVORADA DO JARDIM  (F-H144 ),"374,641896",MS2,"-52,040527","-21,318683"
T2AW,SÃO CRISTOVÃO  (F-H211 ),"220,781374",MS2,"-52,033616","-21,318681"
T2AX,SÃO SEBASTIÃO  (F-H149 ),"254,405891",MS2,"-52,046863","-21,316241"
T2AY,SAO JORGE  (F-H252 ),"450,748875",MS2,"-52,674555","-21,320088"
T2AZ,IPE  (F-H272 ),"751,840338",MS2,"-52,117753","-21,315725"
T2BA,BRASILÂNDIA  (F-H080 ),"676,942964",MS2,"-52,096952","-21,232037"
T2BB,COQUEIRINHO  (F-H286 ),"1293,672901",MS2,"-52,188486","-21,231705"
T2BC,JANDAIA  (F-H041 ),"582,376331",MS2,"-52,041394","-21,226356"
T2BD,NELORINHA  (F-H077 ),"966,444293",MS2,"-52,257173","-21,219338"
T2BE,PORTAL  (F-H065 ),"433,518036",MS2,"-52,031535","-21,214705"
T2BF,BRASILÂNDIA II  (F-H301 ),"1081,109477",MS2,"-52,167863","-21,204755"
T2BG,JUALLEBRU II  (F-H197 ),"436,44894",MS2,"-52,049869","-21,19446"
T2BH,SANTA LUZIA II  (F-H199 ),"325,385366",MS2,"-52,08629","-21,186334"
T2BI,ANA NERY  (F-H174 ),"1043,252337",MS2,"-52,04672","-21,179642"
T2BJ,ESTANCIA ANELISA  (F-H282 ),"165,555462",MS2,"-52,111227","-21,178674"
T2BK,FORMOSO GLEBA A  (F-H243 ),"474,470849",MS2,"-52,149172","-21,170512"
T2BL,SANTA LUZIA III  (F-H200 ),"384,516081",MS2,"-52,101579","-21,169626"
T2BM,SÃO JOSÉ II  (F-H196 ),"632,787788",MS2,"-52,064655","-21,154032"
T2BN,SANTO ANTONIO  (F-H172 ),"488,095984",MS2,"-52,023245","-21,133807"
T2BO,SAO DOMINGOS  (F-H048 ),"2069,67148",MS2,"-52,085952","-21,117713"
T2BP,SANTO ANTONIO II  (F-H171 ),"585,746046",MS2,"-52,048443","-21,11184"
T2BQ,SANTA LUZIA VI,"3141,791411",MS2,"-52,702598","-21,519018"
T2BR,SANTA MARIA IX,"2279,249477",MS2,"-52,581632","-21,446522"
T2BS,POUSO ALTO I,"1572,654979",MS2,"-52,709923","-21,389347"
T2BT,SANTA LUZIA VII,"3951,160071",MS2,"-52,686824","-21,453663"
T2BU,TRÊS IRMÃOS,"4697,305044",MS2,"-52,64737","-21,580678"
T2BV,BORDON,"1905,9994",MS2,"-52,70322","-21,574426"
T2BW,NOSSA SENHORA APARECIDA VI,"1028,452137",MS2,"-52,800073","-21,939284"
T2BX,CABECEIRA II,"224,051338",MS2,"-52,556618","-21,803712"
T2BY,SÃO JOSÉ VII,"3838,651296",MS2,"-52,269401","-21,300313"
T3AA,PARANOÁ  (F-H076 ),"1987,779744",MS3,"-51,734391","-20,647345"
T3AB,SÃO FRANCISCO II  (F-H069 ),"489,782116",MS3,"-51,6474","-20,625555"
T3AC,DOM THOMAS IV  (F-H082 ),"187,268877",MS3,"-51,756772","-20,619605"
T3AE,PONTAL  (F-H009 ),"1132,215043",MS3,"-51,702469","-20,602398"
T3AF,PONTEIO  (F-H067 ),"1312,559782",MS3,"-51,73424","-20,541686"
T3AG,LAGOA  (F-H110 ),"880,195443",MS3,"-51,705408","-20,5362"
T3AH,SANTO ANTONIO V  (F-H273 ),"829,879076",MS3,"-51,812042","-20,517968"
T3AI,SANTA CLARA II  (F-H207 ),"1597,317431",MS3,"-51,607563","-20,487353"
T3AJ,MATÃO  (F-H010 ),"16832,80142",MS3,"-51,804601","-20,416047"
T3AM,PARQUE FLORESTAL ERVA VIII  (F-H239 ),"2670,691742",MS3,"-51,69198","-20,392998"
T3AN,SÃO LOURENÇO  (F-H072 ),"484,071661",MS3,"-51,952432","-20,38546"
T3AO,ESMERALDA  (F-H068 ),"848,936421",MS3,"-51,888651","-20,381558"
T3AP,SANTA CRISTINA  (F-H095 ),"1076,568677",MS3,"-51,936419","-20,370208"
T3AQ,SANTA MÔNICA  (F-H108 ),"1108,880939",MS3,"-51,923621","-20,349563"
T3AR,FANTASIA  (F-H164 ),"1986,776771",MS3,"-51,698117","-20,347084"
T3AS,SÃO FRANCISCO  (F-H023 ),"911,440934",MS3,"-51,847444","-20,342172"
T3AT,SANTA MARIA III  (F-H081 ),"1022,348993",MS3,"-51,913182","-20,325721"
T3AU,TRÊS IRMÃOS II  (F-H198 ),"471,201618",MS3,"-51,704109","-20,286156"
T3AV,YACIMA  (F-H158 ),"2177,934297",MS3,"-51,770625","-20,260042"
T3AW,BOA ESPERANÇA III  (F-H240 ),"109,852799",MS3,"-51,131371","-20,060235"
T3AX,ESTRELA  (F-H281 ),"2210,633889",MS3,"-51,745756","-20,003859"
T3AY,JOAMAR  (F-H292 ),"1702,099043",MS3,"-51,781157","-19,987872"
T3BA,PARANOÁ II,"254,778784",MS3,"-51,706994","-20,639407"
T3BB,SANTA ROSA,"65,25425",MS3,"-51,846066","-19,76339"
T3BC,SANTA ANGÉLICA,"229,690135",MS3,"-51,753728","-20,625294"
T3BD,JOAMAR II,"168,640576",MS3,"-51,781492","-19,978191"
T3BE,ESTRELA E SANTO EXPEDITO,"1865,123226",MS3,"-51,670646","-19,970978"
T3BF,NOSSA SENHORA APARECIDA VII,"365,953003",MS3,"-51,884228","-19,969459"
T3BG,UNIÃO SÃO PEDRO,"9507,690875",MS3,"-52,306349","-19,473005"
T3BH,CONQUISTA E NOVA CONQUISTA,"2625,056296",MS3,"-51,844902","-19,950654"
T3BI,NOSSA SENHORA,"2902,956729",MS3,"-52,079649","-19,483279"
T3BJ,RIO MANSO,"1882,460127",MS3,"-52,174134","-19,261427"
T3BK,CARVALHO,"1227,86159",MS3,"-52,111773","-19,336053"
T3BL,TRÊS MARIAS II,"2996,744253",MS3,"-52,147533","-19,295252"
T3BM,JIII,"1947,884455",MS3,"-52,030553","-19,254603"
T3BN,SÃO JUDAS TADEU III,"732,461245",MS3,"-52,131072","-19,365938"
T3BO,V-11,"1707,97362",MS3,"-51,963288","-19,120491"
T3BP,ALVORECER,"868,647919",MS3,"-51,760336","-20,052857"
T3BQ,SANTA MERCEDES,"585,306483",MS3,"-52,067541","-19,447651"
T3BR,SANTA HELENA II,"3417,626206",MS3,"-51,989165","-19,145285"
T3BS,SÃO JOSÉ VIII,"148,265551",MS3,"-52,084764","-19,196038"
T3BT,SÃO JOSÉ IX,"157,537387",MS3,"-52,093708","-19,190498"
T3BU,DOIS CORAÇÕES,"3,920751",MS3,"-51,852494","-19,764737"
T4AA,PILARES II  (F-H274 ),"1337,841548",MS4,"-52,286036","-20,942429"
T4AB,PILARES III  (F-H293 ),"726,251819",MS4,"-52,304703","-20,929729"
T4AC,PILARES  (F-H155 ),"454,426359",MS4,"-52,317316","-20,91963"
T4AD,RIO VERDE A  (F-H007 ),"19452,59418",MS4,"-52,233073","-20,920761"
T4AG,NOVA ESPERANÇA  (F-H070 ),"1103,461677",MS4,"-52,073998","-20,906192"
T4AH,NOVOS TEMPOS  (F-H074 ),"1107,649684",MS4,"-52,185428","-20,880191"
T4AI,BURITI ALEGRE  (F-H064 ),"895,816323",MS4,"-52,066661","-20,863196"
T4AJ,SANTANA  (F-H092 ),"378,207911",MS4,"-52,205067","-20,863144"
T4AK,MILLENIUM  (F-H201 ),"4431,481196",MS4,"-52,300232","-20,860524"
T4AL,SÃO MARCOS  (F-H102 ),"5970,202231",MS4,"-52,399349","-20,835395"
T4AM,TRÊS IRMÃOS  (F-H086 ),"256,360248",MS4,"-52,090906","-20,801006"
T4AN,SANTA MATHILDE  (F-H290 ),"449,098837",MS4,"-52,23874","-20,800192"
T4AO,SAO JUDAS TADEU  (F-H302 ),"172,264622",MS4,"-52,084383","-20,793948"
T4AP,VIÇOSA  (F-H075 ),"931,719521",MS4,"-52,16663","-20,789648"
T4AQ,BURITI II  (F-H087 ),"467,530539",MS4,"-52,158173","-20,777944"
T4AR,COLORADO II  (F-H300 ),"967,612761",MS4,"-52,400391","-20,775558"
T4AS,TRÊS MARIAS  (F-H078 ),"863,813849",MS4,"-52,209004","-20,762255"
T4AT,GUARAÇAI  (F-H073 ),"268,490815",MS4,"-52,18695","-20,756974"
T4AU,TALISMÃ DO SUL II  (F-H168 ),"556,682045",MS4,"-52,264864","-20,730596"
T4AV,TALISMÃ DO SUL  (F-H167 ),"726,144403",MS4,"-52,309538","-20,714727"
T4AW,NOSSA SENHORA APARECIDA DO BURITIZAL II,"505,825617",MS4,"-52,224761","-20,742412"
T4AX,COLORADO III,"1511,516542",MS4,"-52,390719","-20,797813"
T4AZ,BOA VISTA I,"2415,876651",MS4,"-52,266592","-20,697919"
T4BA,TIMBURI,"690,829792",MS4,"-52,209423","-20,84722"
T4BB,CALHETA,"617,778764",MS4,"-52,209327","-20,833638"
T4BC,TIO MUNICO,"2056,47034",MS4,"-52,096607","-20,930091"
T4BD,ALVORADA IV,"1109,99436",MS4,"-52,064114","-20,884748"
T4BE,SÃO FRANCISCO IV,"476,088831",MS4,"-52,118136","-20,850352"
T4BF,SANTA CLARA IV,"335,624779",MS4,"-52,101073","-20,86818"
T4BG,TUPAHUÊ,"2638,477387",MS4,"-52,124005","-20,81953"
T4BH,TUPAHUÊ II,"1226,075439",MS4,"-52,317351","-20,783494"
T4BI,TIO MUNICO II,"740,243364",MS4,"-52,109683","-20,947482"
T5AA,VERTENTE  (F-H217 ),"2826,284368",MS5,"-52,528296","-20,634304"
T5AB,ARIRANHA  (F-H125 ),"2088,909112",MS5,"-52,488177","-20,619385"
T5AC,SÃO JOSE DO ESPIGÃO  (F-H194 ),"1522,619496",MS5,"-52,656889","-20,562748"
T5AD,TRANSCORAL  (F-H204 ),"350,711807",MS5,"-52,534103","-20,546525"
T5AE,JO PORA  (F-H114 ),"345,726072",MS5,"-52,662979","-20,514797"
T5AG,LÚ PORÃ  (F-H142 ),"1178,79334",MS5,"-52,595519","-20,500869"
T5AH,SÃO JOÃO  (F-H115 ),"360,009845",MS5,"-52,648975","-20,497875"
T5AI,SANTO ANDRÉ  (F-H106 ),"767,295464",MS5,"-52,629694","-20,497245"
T5AJ,SANTA MARIA V  (F-H133 ),"778,927727",MS5,"-52,66656","-20,484442"
T5AL,COLORADO  (F-H116 ),"1851,96596",MS5,"-52,651579","-20,435973"
T5AM,SANTA INES GLEBA C  (F-H270 ),"1981,266254",MS5,"-52,603288","-20,299444"
T5AN,SANTA INES  (F-H269 ),"1017,674432",MS5,"-52,570365","-20,269368"
T5AO,NAGAI  (F-H221 ),"324,475275",MS5,"-52,159523","-20,236279"
T5AQ,SANTA ADÉLIA,"487,982237",MS5,"-52,267095","-20,205381"
T5AR,3PA,"1294,852503",MS5,"-52,851386","-20,412185"
T5AS,PEJU,"255,49398",MS5,"-52,830231","-20,446315"
T5AT,SÃO JOÃO VALE DO POMBO,"632,796796",MS5,"-52,616568","-20,275078"
T5AU,POMBINHO EURO,"331,93175",MS5,"-52,485212","-20,523232"
T5AV,MARCA B2,"198,794099",MS5,"-52,207786","-20,217602"
T5AX,SANTA RITA DE CÁSSIA II,"1856,174633",MS5,"-52,391496","-19,555252"
T5AY,ARIRANHA II,"141,662251",MS5,"-52,498643","-20,590185"
T5AZ,NOVO ORIENTE,"1190,279718",MS5,"-52,810494","-20,365579"
T5BA,SANTA MARIA,"533,478891",MS5,"-52,64806","-19,847566"
T5BB,ITATIAIA,"1118,267058",MS5,"-52,2586","-20,232537"
T5BC,RIO POMBO GLEBA A,"164,070798",MS5,"-52,486995","-20,558287"
T5BD,RETIRO DOS BOIS,"527,236718",MS5,"-52,705998","-20,613534"
T5BE,ALVORADA VI,"505,344058",MS5,"-52,499802","-20,540691"
T5BF,ALVORADA DO POMBO,"1692,462212",MS5,"-52,52381","-20,511494"
T5BH,BARRA DO BURITI,"964,429853",MS5,"-52,631326","-20,007776"
T5BI,CIBERLÂNDIA,"482,736941",MS5,"-52,668564","-20,050271"
T5BJ,MORUMBI,"1195,280015",MS5,"-52,686993","-20,047589"
T5BK,SANTA MARIA XII,"709,672194",MS5,"-52,67348","-20,066657"
T5BM,SÃO JOSÉ DO ESPIGÃO II,"993,209247",MS5,"-52,611697","-20,533104"
T5BN,Ifiii (Jolafine),"422,386952",MS5,"-52,637572","-20,057106"
T6A0,ARCO IRIS  (F-H113 ),"434,100534",MS6,"-52,00946","-20,678067"
T6A1,TRIANGULO DO VALE  (F-H268 ),"99,93188",MS6,"-52,16138","-20,675853"
T6A2,VALE VERDE  (F-H162 ),"687,594717",MS6,"-52,287753","-20,674349"
T6A3,CHAPADÃO  (F-H132 ),"468,733615",MS6,"-52,134997","-20,665053"
T6A4,MANDAGUARI  (F-H271 ),"279,232122",MS6,"-51,943454","-20,663076"
T6A5,ARAÇATUBA  (F-H205 ),"1506,6691",MS6,"-51,97297","-20,661361"
T6A6,VALE VERDE II  (F-H304 ),"144,756789",MS6,"-52,298932","-20,659454"
T6A7,DA MATA  (F-H264 ),"605,740823",MS6,"-52,085476","-20,652615"
T6A8,SANTA CECILIA II  (F-H295 ),"506,416716",MS6,"-52,406623","-20,645656"
T6A9,GODINO  (F-H226 ),"428,548108",MS6,"-51,934274","-20,636505"
T6AA,GRANADA  (F-H190 ),"4629,514006",MS6,"-51,915196","-20,891031"
T6AB,RODEIO  (F-H189 ),"8289,473091",MS6,"-51,820577","-20,846682"
T6AD,NOSSA SENHORA DE LOURDES II  (F-H220 ),"1177,972431",MS6,"-51,994601","-20,787626"
T6AE,PARAISO II  (F-H160 ),"478,241154",MS6,"-51,921328","-20,759029"
T6AF,LAGOA IV  (F-H111 ),"375,93401",MS6,"-52,125698","-20,757823"
T6AG,NOSSA SENHORA APARECIDA IV  (F-H228 ),"205,962892",MS6,"-52,07323","-20,756294"
T6AH,ARAPUÁ  (F-H062 ),"337,876962",MS6,"-52,011335","-20,747295"
T6AI,ÁGUA LIMPA  (F-H148 ),"4133,881536",MS6,"-52,55031","-20,745698"
T6AJ,SITIO SÃO JOSÉ  (F-H128 ),"95,116507",MS6,"-52,048939","-20,744209"
T6AK,SÃO VICENTE  (F-H202 ),"108,321437",MS6,"-51,914083","-20,734407"
T6AL,ITAPOÃ  (F-H289 ),"287,468235",MS6,"-52,059489","-20,726956"
T6AM,NOVO MUNDO  (F-H159 ),"786,296191",MS6,"-51,850819","-20,725091"
T6AN,RANCHO COROTE  (F-H127 ),"297,929411",MS6,"-51,827003","-20,713743"
T6AO,SÃO LUCAS  (F-H283 ),"1415,099545",MS6,"-51,80927","-20,713219"
T6AP,ABASTO  (F-H126 ),"6286,11635",MS6,"-52,453924","-20,71258"
T6AQ,ESTÂNCIA MARCELO  (F-H137 ),"484,73902",MS6,"-52,020941","-20,71235"
T6AR,NOVA ERA II  (F-H169 ),"345,897807",MS6,"-52,053459","-20,712245"
T6AS,SÃO FRANCISCO III  (F-H097 ),"632,659715",MS6,"-51,9195","-20,710046"
T6AT,CURUCACA  (F-H053 ),"4941,183076",MS6,"-52,130985","-20,70717"
T6AU,SANTA MARINA  (F-H107 ),"347,750625",MS6,"-51,861804","-20,692072"
T6AV,INICIAL  (F-H094 ),"136,054543",MS6,"-52,006974","-20,691653"
T6AW,SÃO DOMINGOS II  (F-H173 ),"268,039381",MS6,"-51,960607","-20,689647"
T6AX,SANTA ADELIA  (F-H157 ),"1821,442562",MS6,"-52,038562","-20,690004"
T6AY,NOSSA SENHORA DA APARECIDA DO BURITIZAL  (F-H071 ),"1024,658612",MS6,"-52,196126","-20,686424"
T6AZ,GAIOTTO  (F-H280 ),"616,283389",MS6,"-52,293109","-20,683628"
T6B0,FLORESTA  (F-H130 ),"504,390528",MS6,"-52,265552","-20,468762"
T6B1,GUARÁ  (F-H124 ),"709,860943",MS6,"-52,048252","-20,467528"
T6B2,SÃO JOÃO II  (F-H122 ),"454,833934",MS6,"-52,03473","-20,461611"
T6B3,AGUA LIMPA II  (F-H180 ),"464,767151",MS6,"-52,040906","-20,447681"
T6B4,ARAÇA  (F-H123 ),"133,553483",MS6,"-52,185567","-20,435709"
T6B5,SÃO JOSÉ III  (F-H212 ),"187,973927",MS6,"-52,147547","-20,433763"
T6B6,AGUA BRANCA  (F-H112 ),"1981,677077",MS6,"-52,206133","-20,425171"
T6B7,PERDIZES  (F-H165 ),"2192,454304",MS6,"-52,403605","-20,4129"
T6B8,MATINHA DO BRIOSO  (F-H291 ),"192,266667",MS6,"-52,147419","-20,326613"
T6B9,PONTAL DO BRIOSO  (F-H276 ),"316,873447",MS6,"-52,16753","-20,315984"
T6BA,SANTA RITA DE CÁSSIA  (F-H254 ),"2204,401606",MS6,"-52,234281","-20,634598"
T6BB,SANTA LUZIA V  (F-H278 ),"199,455734",MS6,"-51,893551","-20,630005"
T6BC,SANTA CECILIA  (F-H265 ),"770,833342",MS6,"-52,411616","-20,627461"
T6BD,CERRO AZUL  (F-H166 ),"572,997953",MS6,"-52,303446","-20,605493"
T6BE,UNIVERSAL  (F-H184 ),"552,934789",MS6,"-51,991413","-20,603801"
T6BF,IRACEMA II  (F-H193 ),"705,879463",MS6,"-52,439056","-20,603885"
T6BG,FLOR DA SERRA  (F-H008 ),"1699,295726",MS6,"-52,31369","-20,597503"
T6BH,OURO BELO  (F-H089 ),"865,693524",MS6,"-52,286163","-20,596518"
T6BI,DUAS LAGOAS  (F-H266 ),"851,983486",MS6,"-51,920339","-20,592798"
T6BJ,RIO BRANCO  (F-H181 ),"964,25434",MS6,"-52,39078","-20,589629"
T6BK,BENTEVI  (F-H277 ),"1439,208254",MS6,"-52,371154","-20,588506"
T6BL,LAGO AZUL II  (F-H235 ),"515,857339",MS6,"-51,886063","-20,586843"
T6BM,CHUVA DE PRATA  (F-H279 ),"1468,111765",MS6,"-52,25149","-20,577538"
T6BN,CHUVA DE PRATA II  (F-H298 ),"262,304053",MS6,"-52,26943","-20,569945"
T6BO,CONQUISTA  (F-H085 ),"183,828355",MS6,"-52,141766","-20,548688"
T6BP,NOSSA SENHORA APARECIDA II  (F-H175 ),"449,430441",MS6,"-52,101866","-20,524376"
T6BQ,PAULINA  (F-H084 ),"175,476866",MS6,"-52,115553","-20,522798"
T6BR,GUANABARA  (F-H083 ),"695,669662",MS6,"-52,129394","-20,521111"
T6BS,SÃO BENTO DO BURITY  (F-H222 ),"1398,675504",MS6,"-52,051745","-20,518977"
T6BT,SÃO JOSÉ  (F-H131 ),"155,04466",MS6,"-52,19983","-20,509288"
T6BU,SANTA IZABEL  (F-H147 ),"243,989099",MS6,"-52,207988","-20,505592"
T6BV,NOVA ERA  (F-H117 ),"2032,749418",MS6,"-52,118342","-20,48771"
T6BW,CAPELINHA  (F-H134 ),"709,002998",MS6,"-52,157566","-20,48167"
T6BX,TABOCA  (F-H129 ),"658,263999",MS6,"-52,212307","-20,479972"
T6BY,CASA GRANDE  (F-H251 ),"646,793844",MS6,"-52,089867","-20,480573"
T6BZ,VISTA ALEGRE  (F-H121 ),"5762,674781",MS6,"-52,239806","-20,472431"
T6CC,VISTA ALEGRE III,"177,113817",MS6,"-51,998007","-20,659735"
T6CD,SANTA LUCIA,"2167,774735",MS6,"-51,806839","-20,674882"
T6CE,SANTA TEREZINHA II,"284,772285",MS6,"-52,029393","-20,725052"
T6CF,IRACEMA I,"454,335608",MS6,"-52,451707","-20,595005"
T6CG,SUCURIU,"2664,595539",MS6,"-51,998393","-20,536464"
T6CH,DOMINGOS MUNGO,"1304,11948",MS6,"-52,069918","-20,412194"
T6CI,PINDORAMA,"6764,740912",MS6,"-52,159995","-20,540881"
T6CL,VALE DOURADO,"744,844818",MS6,"-52,123372","-20,410751"
T6CM,RECANTO DOS CARVALHOS,"211,14428",MS6,"-51,907322","-20,665875"
T6CN,NOSSA SENHORA APARECIDA I,"240,954271",MS6,"-52,096582","-20,381134"
T6CO,DA MATA IV,"259,682621",MS6,"-52,0549","-20,719993"
T6CP,ESPERANÇA,"875,270709",MS6,"-52,418126","-20,767054"
T6CQ,GUARÁ II,"256,484183",MS6,"-52,052805","-20,406229"
T6CR,SÃO LOURENÇO II,"1237,64856",MS6,"-51,968709","-20,578949"
T6CS,MARIANA,"433,951744",MS6,"-52,312953","-20,662302"
T6CT,SÃO LOURENÇO III,"618,854652",MS6,"-51,953265","-20,550584"
T6CU,RANCHO ALEGRE II,"82,615065",MS6,"-51,982095","-20,816891"
T6CV,LUA CHEIA,"367,202615",MS6,"-51,96767","-20,543639"
T6CW,BANDEIRANTES,"337,993923",MS6,"-51,987243","-20,692173"
T6CX,MATA VERDE,"242,498474",MS6,"-52,108154","-20,379321"
T6CY,DOIS IRMÃOS,"530,585539",MS6,"-52,294134","-20,293004"
T6CZ,BRIOSO,"1682,560807",MS6,"-52,275377","-20,285205"
T6DA,SANTA MARIA DO BRIOSO,"2437,230601",MS6,"-52,237237","-20,310056"
T6DB,SANTA EMÍLIA,"329,464585",MS6,"-51,930293","-20,69492"
T6DC,VÔ JAMIL,"824,538855",MS6,"-51,775638","-20,770303"
T6DD,BONANÇA,"937,937892",MS6,"-52,431282","-20,746778"
T6DE,VERTENTE II,"388,061639",MS6,"-52,566568","-20,695505"
T6DF,CAR1006,"258,462595",MS6,"-51,970777","-20,795683"
T6DG,GAIOTTO II,"90,906062",MS6,"-52,278132","-20,681154"
T6DH,MANÁ E MANÁ II,"194,664914",MS6,"-52,070572","-20,664005"
T6DI,ÁGUA LIMPA BONANÇA,"168,712513",MS6,"-52,515287","-20,752815"
T6DJ,CAR855 (FAZENDA SANTA FÉ),"59,973095",MS6,"-52,093949","-20,716532"
T6DK,FAZENDA SÃO FRANCISCO,"72,821603",MS6,"-52,093927","-20,720976"
T6DL,STO ANTONIO I E II E STA BARBARA,"278,930465",MS6,"-52,086758","-20,697636"
T6DM,TIPTOE,"1084,15342",MS6,"-52,017722","-20,499882"
T6DN,PARAISO II,"184,108556",MS6,"-51,913901","-20,692614"
T7AJ,ESTÂNCIA PAULÃO,"241,42264",MS7,"-52,909342","-20,359814"
T7AK,SOLON,"710,277181",MS7,"-52,957052","-20,31017"
T7AL,SANTA MARINA II,"587,155989",MS7,"-52,937617","-20,296787"
T7AM,SANTA TEREZINHA III,"1123,344397",MS7,"-52,98922","-20,274328"
T8A0,CAPELA II  (F-H177 ),"1894,527519",MS8,"-52,541808","-20,815264"
T8A1,NOSSA SENHORA APARECIDA V  (F-H234 ),"241,298283",MS8,"-52,571","-20,812331"
T8A2,SAO PEDRO  (F-H261 ),"429,617515",MS8,"-52,624114","-20,800399"
T8A3,SAO LUIZ IV  (F-H257 ),"409,342191",MS8,"-52,61186","-20,79787"
T8A4,SÃO JOSÉ IV  (F-H250 ),"1653,546369",MS8,"-52,652079","-20,78783"
T8AA,SANTO ANTONIO IV  (F-H267 ),"2319,792075",MS8,"-52,616897","-21,196764"
T8AB,VISTA ALEGRE II  (F-H299 ),"5956,957076",MS8,"-52,520295","-21,201274"
T8AC,SÃO VICENTE II  (F-H256 ),"688,148326",MS8,"-52,376151","-21,143461"
T8AD,SANTO ANTONIO III  (F-H214 ),"598,783196",MS8,"-52,390439","-21,140101"
T8AE,GUARA-SUIA  (F-H014 ),"4257,141019",MS8,"-52,217568","-21,126045"
T8AF,BARRA MANSA  (F-H248 ),"371,96615",MS8,"-52,353698","-21,114998"
T8AG,QUATRO IRMÃOS  (F-H096 ),"2419,868544",MS8,"-52,294968","-21,107607"
T8AH,AROEIRA  (F-H258 ),"3458,168858",MS8,"-52,519848","-21,099697"
T8AI,TERERE  (F-H262 ),"2249,704994",MS8,"-52,217786","-21,082459"
T8AJ,BRASILEIRA  (F-H013 ),"12125,60183",MS8,"-52,210716","-21,014413"
T8AL,VALE DO GERIVÁ  (F-H103 ),"2114,296277",MS8,"-52,317756","-21,026739"
T8AM,DUAS MARIAS  (F-H101 ),"17853,53187",MS8,"-52,37966","-21,026162"
T8AP,GAMELEIRA  (F-H209 ),"1214,561799",MS8,"-52,464621","-21,023302"
T8AQ,BOM JESUS  (F-H120 ),"1415,413728",MS8,"-52,29538","-20,998778"
T8AR,PARAISO  (F-H104 ),"1180,274393",MS8,"-52,280053","-20,980002"
T8AS,CRISTO REDENTOR  (F-H188 ),"1089,818035",MS8,"-52,316352","-20,968728"
T8AT,RIO VERDE B  (F-H07B ),"17628,03245",MS8,"-52,445245","-20,898305"
T8AW,CAROLINA  (F-H213 ),"1506,133886",MS8,"-52,576271","-20,857502"
T8AX,CAPELA  (F-H176 ),"1020,91785",MS8,"-52,52567","-20,849724"
T8AY,CAPELA V  (F-H219 ),"695,762105",MS8,"-52,575528","-20,830367"
T8AZ,CAPELA IV  (F-H178 ),"970,591336",MS8,"-52,511037","-20,821059"
T8B0,BARREIRO 02,"944,895152",MS8,"-52,556403","-20,940463"
T8BA,SÃO JOSÉ,"181,005369",MS8,"-52,359374","-20,926527"
T8BB,JATIUCA,"3941,331287",MS8,"-52,31287","-21,189718"
T8BC,VALE DOURADO II,"854,855517",MS8,"-52,443236","-21,17071"
T8BD,PECUÁRIA FRD,"914,783237",MS8,"-52,566442","-20,903738"
T8BE,PALOMA,"272,244145",MS8,"-52,590077","-20,941994"
T8BF,PANTERA,"1394,141729",MS8,"-52,653486","-20,875592"
T8BG,SAVANA,"548,271947",MS8,"-52,577654","-20,935798"
T8BH,JUNIOR E SANTA MARIA,"2085,698996",MS8,"-52,576762","-20,78587"
T8BI,TROPICAL,"3324,163905",MS8,"-52,521944","-20,963321"
T8BJ,CARACCOL II,"978,023081",MS8,"-52,695537","-20,728615"
T8BK,SPUMAR,"367,413361",MS8,"-52,462356","-21,044902"
T8BL,SANTA EDWIRGES,"861,370299",MS8,"-52,672178","-20,717174"
T8BM,PASSO FUNDO,"927,141503",MS8,"-52,848971","-20,806484"
T8BN,IMPERATRIZ,"549,650736",MS8,"-52,689865","-20,990485"
T8BO,NOVO MUNDO II,"331,361335",MS8,"-52,655106","-20,739087"
T8BP,YPÊ,"655,878358",MS8,"-52,682881","-20,749547"
T8BQ,YPÊ II,"129,323061",MS8,"-52,657476","-20,765993"
T8BR,SÃO JOÃO VI,"320,699551",MS8,"-52,63969","-20,738646"
T8BS,PONTAL II,"1068,764258",MS8,"-52,595196","-20,8262"
T8BT,AQUARIUS,"500,798859",MS8,"-52,687789","-20,863639"
T8BU,CEREJEIRAS,"653,179502",MS8,"-52,691593","-20,758588"
T8BV,CONQUISTA III,"734,270481",MS8,"-52,825783","-20,784534"
T8BW,PONTAL DO BARREIRINHO,"599,291543",MS8,"-52,870085","-20,747103"
T8BX,LÍRIO DO VALE,"4769,201348",MS8,"-52,934891","-20,78876"
T8BY,NOSSA SENHORA APARECIDA,"608,326306",MS8,"-52,597846","-20,762058"
T8BZ,FAZENDA NOVA BARREIRO,"209,116087",MS8,"-52,601433","-20,996651"